<?xml version="1.0" encoding="UTF-8"?>
<beans xmlns="http://www.springframework.org/schema/beans"
	xmlns:xsi="http://www.w3.org/2001/XMLSchema-instance"
	xmlns:context="http://www.springframework.org/schema/context"
	xmlns:tx="http://www.springframework.org/schema/tx"
	xsi:schemaLocation="http://www.springframework.org/schema/beans http://www.springframework.org/schema/beans/spring-beans.xsd
		http://www.springframework.org/schema/context http://www.springframework.org/schema/context/spring-context-4.3.xsd
		http://www.springframework.org/schema/tx http://www.springframework.org/schema/tx/spring-tx-4.3.xsd">

	<!--读取db.properties-->
	<context:property-placeholder location="classpath:db.properties"/>
	 <!--配置c3p0连接池-->
	<bean id="dataSource" class="com.mchange.v2.c3p0.ComboPooledDataSource">
		<!--注入属性-->
		<property name="driverClass" value="${jdbc.driver}"></property>
		<property name="jdbcUrl" value="${jdbc.url}"></property>
		<property name="user" value="${jdbc.username}"></property>
		<property name="password" value="${jdbc.password}"></property>
	</bean>
	
	<!-- 配置事务管理器 -->
	<bean id="transactionManager" class="org.springframework.jdbc.datasource.DataSourceTransactionManager">
		<property name="dataSource" ref="dataSource"></property>
	</bean>
	
	<!-- 开启事务的注解支持 -->
	<tx:annotation-driven transaction-manager="transactionManager"/>
	
	<!-- 配置Mybatis工厂:SqlSessionFactory  -->
	<bean id="sqlSessionFactory" class="org.mybatis.spring.SqlSessionFactoryBean">
		<property name="dataSource" ref="dataSource"></property>
		<!-- 指定mybatis核心配置文件的位置 -->
		<property name="configLocation" value="classpath:mybatis-config.xml"></property>
	</bean>
	
	<!-- 配置dao扫描器 -->
	<bean class="org.mybatis.spring.mapper.MapperScannerConfigurer">
		<property name="basePackage" value="com.zhangbin.dao"></property>
	</bean>
	
	<!-- 扫描service -->
	<context:component-scan base-package="com.zhangbin.service"></context:component-scan>
	
</beans>
