<?xml version="1.0" encoding="UTF-8"?>
<beans xmlns="http://www.springframework.org/schema/beans"
	xmlns:xsi="http://www.w3.org/2001/XMLSchema-instance"
	xmlns:context="http://www.springframework.org/schema/context"
	xmlns:mvc="http://www.springframework.org/schema/mvc"
	xsi:schemaLocation="http://www.springframework.org/schema/mvc http://www.springframework.org/schema/mvc/spring-mvc-4.3.xsd
		http://www.springframework.org/schema/beans http://www.springframework.org/schema/beans/spring-beans.xsd
		http://www.springframework.org/schema/context http://www.springframework.org/schema/context/spring-context-4.3.xsd">
	    
    <!-- 指定需要扫描的包，让注解生效 -->
    <context:component-scan base-package="com.zhangbin.controller"></context:component-scan>
    <!-- 加载注解驱动 -->
    <mvc:annotation-driven></mvc:annotation-driven>
    
    <!-- 解除servlet对静态资源文件访问的限制，使静态资源先经过 -->
    <mvc:default-servlet-handler/>
    
    <!-- 视图解析器 -->
    <bean id="viewResolver" class="org.springframework.web.servlet.view.InternalResourceViewResolver">
    	<property name="prefix" value="WEB-INF/jsp/"></property>
    	<property name="suffix" value=".jsp">
    	</property>
    </bean>

</beans>
