<?xml version="1.0" encoding="UTF-8"?>
<!DOCTYPE mapper
  PUBLIC "-//mybatis.org//DTD Mapper 3.0//EN"
  "http://mybatis.org/dtd/mybatis-3-mapper.dtd">
<mapper namespace="com.zhangbin.dao.HealthDao">
<!-- 查找打扫记录 -->
	<select id="healthSelect" parameterType="health" resultType="health">
		select * from health where 1=1
		<if test=" ss_name !=null and '' != ss_name ">
			and ss_name like concat('%',#{ss_name},'%')
		</if>
		<if test=" timees !=null and '' != timees ">
			and timees = #{timees}
		</if>
		<if test=" xs_name != null and '' != xs_name">
			and xs_name = #{xs_name}
		</if>
		<if test=" grade != null and '' != grade">
			and grade = #{grade}
		</if>
	</select>
	
<!-- 添加打扫记录 -->
	<insert id="insertHealth" parameterType="health">
		insert into health
		(ss_name,timees,xs_name,grade)
		values(#{ss_name},#{timees},#{xs_name},#{grade})
	</insert>
	
	<!-- 根据id查询打扫记录 -->
	<select id="healthSelectId" parameterType="int" resultType="health">
		select * from health where id = #{id}
	</select>
	
<!-- 	修改属性 -->
	<update id="modifyHealth" parameterType="health">
		update health
        <set>
            <if test="ss_name != null">
                ss_name = #{ss_name},
            </if>
            <if test="timees != null">
                timees = #{timees},
            </if>
            <if test="xs_name != null">
                xs_name = #{xs_name},
            </if>
            <if test="grade != null">
                grade = #{grade},
            </if>
        </set>
        where id = #{id}
	</update>
	
	
	<!-- 根据id删除打扫记录 -->
	<delete id="deleteHealth" parameterType="int">
		delete from health where id = #{id}
	</delete>

</mapper> 